序号,天气,是否周末,是否有促销,销量
1,坏,是,是,高
2,坏,是,是,高
3,坏,是,是,高
4,坏,否,是,高
5,坏,是,是,高
6,坏,否,是,高
7,坏,是,否,高
8,好,是,是,高
9,好,是,否,高
10,好,是,是,高
11,好,是,是,高
12,好,是,是,高
13,好,是,是,高
14,坏,是,是,低
15,好,否,是,高
16,好,否,是,高
17,好,否,是,高
18,好,否,是,高
19,好,否,否,高
20,坏,否,否,低
21,坏,否,是,低
22,坏,否,是,低
23,坏,否,是,低
24,坏,否,否,低
25,坏,是,否,低
26,好,否,是,低
27,好,否,是,低
28,坏,否,否,低
29,坏,否,否,低
30,好,否,否,低
31,坏,是,否,低
32,好,否,是,低
33,好,否,否,低
34,好,否,否,低
